--
-- PostgreSQL database dump
--

-- Dumped from database version 16.0
-- Dumped by pg_dump version 16.0

-- Started on 2025-08-22 04:30:35

SET statement_timeout = 0;
SET lock_timeout = 0;
SET idle_in_transaction_session_timeout = 0;
SET client_encoding = 'UTF8';
SET standard_conforming_strings = on;
SELECT pg_catalog.set_config('search_path', '', false);
SET check_function_bodies = false;
SET xmloption = content;
SET client_min_messages = warning;
SET row_security = off;

DROP DATABASE matcher;
--
-- TOC entry 5014 (class 1262 OID 24177)
-- Name: matcher; Type: DATABASE; Schema: -; Owner: postgres
--

CREATE DATABASE matcher WITH TEMPLATE = template0 ENCODING = 'UTF8' LOCALE_PROVIDER = libc LOCALE = 'English_United Kingdom.1252';


ALTER DATABASE matcher OWNER TO postgres;

\connect matcher

SET statement_timeout = 0;
SET lock_timeout = 0;
SET idle_in_transaction_session_timeout = 0;
SET client_encoding = 'UTF8';
SET standard_conforming_strings = on;
SELECT pg_catalog.set_config('search_path', '', false);
SET check_function_bodies = false;
SET xmloption = content;
SET client_min_messages = warning;
SET row_security = off;

--
-- TOC entry 4 (class 2615 OID 2200)
-- Name: public; Type: SCHEMA; Schema: -; Owner: pg_database_owner
--

CREATE SCHEMA public;


ALTER SCHEMA public OWNER TO pg_database_owner;

--
-- TOC entry 5015 (class 0 OID 0)
-- Dependencies: 4
-- Name: SCHEMA public; Type: COMMENT; Schema: -; Owner: pg_database_owner
--

COMMENT ON SCHEMA public IS 'standard public schema';


SET default_tablespace = '';

SET default_table_access_method = heap;

--
-- TOC entry 222 (class 1259 OID 24201)
-- Name: auth_group; Type: TABLE; Schema: public; Owner: postgres
--

CREATE TABLE public.auth_group (
    id integer NOT NULL,
    name character varying(150) NOT NULL
);


ALTER TABLE public.auth_group OWNER TO postgres;

--
-- TOC entry 221 (class 1259 OID 24200)
-- Name: auth_group_id_seq; Type: SEQUENCE; Schema: public; Owner: postgres
--

ALTER TABLE public.auth_group ALTER COLUMN id ADD GENERATED BY DEFAULT AS IDENTITY (
    SEQUENCE NAME public.auth_group_id_seq
    START WITH 1
    INCREMENT BY 1
    NO MINVALUE
    NO MAXVALUE
    CACHE 1
);


--
-- TOC entry 224 (class 1259 OID 24209)
-- Name: auth_group_permissions; Type: TABLE; Schema: public; Owner: postgres
--

CREATE TABLE public.auth_group_permissions (
    id bigint NOT NULL,
    group_id integer NOT NULL,
    permission_id integer NOT NULL
);


ALTER TABLE public.auth_group_permissions OWNER TO postgres;

--
-- TOC entry 223 (class 1259 OID 24208)
-- Name: auth_group_permissions_id_seq; Type: SEQUENCE; Schema: public; Owner: postgres
--

ALTER TABLE public.auth_group_permissions ALTER COLUMN id ADD GENERATED BY DEFAULT AS IDENTITY (
    SEQUENCE NAME public.auth_group_permissions_id_seq
    START WITH 1
    INCREMENT BY 1
    NO MINVALUE
    NO MAXVALUE
    CACHE 1
);


--
-- TOC entry 220 (class 1259 OID 24195)
-- Name: auth_permission; Type: TABLE; Schema: public; Owner: postgres
--

CREATE TABLE public.auth_permission (
    id integer NOT NULL,
    name character varying(255) NOT NULL,
    content_type_id integer NOT NULL,
    codename character varying(100) NOT NULL
);


ALTER TABLE public.auth_permission OWNER TO postgres;

--
-- TOC entry 219 (class 1259 OID 24194)
-- Name: auth_permission_id_seq; Type: SEQUENCE; Schema: public; Owner: postgres
--

ALTER TABLE public.auth_permission ALTER COLUMN id ADD GENERATED BY DEFAULT AS IDENTITY (
    SEQUENCE NAME public.auth_permission_id_seq
    START WITH 1
    INCREMENT BY 1
    NO MINVALUE
    NO MAXVALUE
    CACHE 1
);


--
-- TOC entry 246 (class 1259 OID 24314)
-- Name: core_application; Type: TABLE; Schema: public; Owner: postgres
--

CREATE TABLE public.core_application (
    id bigint NOT NULL,
    status character varying(20) NOT NULL,
    application_date timestamp with time zone NOT NULL,
    motivation_letter text NOT NULL,
    student_id bigint NOT NULL,
    thesis_id bigint NOT NULL
);


ALTER TABLE public.core_application OWNER TO postgres;

--
-- TOC entry 245 (class 1259 OID 24313)
-- Name: core_application_id_seq; Type: SEQUENCE; Schema: public; Owner: postgres
--

ALTER TABLE public.core_application ALTER COLUMN id ADD GENERATED BY DEFAULT AS IDENTITY (
    SEQUENCE NAME public.core_application_id_seq
    START WITH 1
    INCREMENT BY 1
    NO MINVALUE
    NO MAXVALUE
    CACHE 1
);


--
-- TOC entry 226 (class 1259 OID 24241)
-- Name: core_researchinterest; Type: TABLE; Schema: public; Owner: postgres
--

CREATE TABLE public.core_researchinterest (
    id bigint NOT NULL,
    name character varying(120) NOT NULL
);


ALTER TABLE public.core_researchinterest OWNER TO postgres;

--
-- TOC entry 225 (class 1259 OID 24240)
-- Name: core_researchinterest_id_seq; Type: SEQUENCE; Schema: public; Owner: postgres
--

ALTER TABLE public.core_researchinterest ALTER COLUMN id ADD GENERATED BY DEFAULT AS IDENTITY (
    SEQUENCE NAME public.core_researchinterest_id_seq
    START WITH 1
    INCREMENT BY 1
    NO MINVALUE
    NO MAXVALUE
    CACHE 1
);


--
-- TOC entry 228 (class 1259 OID 24249)
-- Name: core_skill; Type: TABLE; Schema: public; Owner: postgres
--

CREATE TABLE public.core_skill (
    id bigint NOT NULL,
    name character varying(120) NOT NULL
);


ALTER TABLE public.core_skill OWNER TO postgres;

--
-- TOC entry 227 (class 1259 OID 24248)
-- Name: core_skill_id_seq; Type: SEQUENCE; Schema: public; Owner: postgres
--

ALTER TABLE public.core_skill ALTER COLUMN id ADD GENERATED BY DEFAULT AS IDENTITY (
    SEQUENCE NAME public.core_skill_id_seq
    START WITH 1
    INCREMENT BY 1
    NO MINVALUE
    NO MAXVALUE
    CACHE 1
);


--
-- TOC entry 242 (class 1259 OID 24301)
-- Name: core_studentinterest; Type: TABLE; Schema: public; Owner: postgres
--

CREATE TABLE public.core_studentinterest (
    id bigint NOT NULL,
    priority integer NOT NULL,
    interest_id bigint NOT NULL,
    student_id bigint NOT NULL
);


ALTER TABLE public.core_studentinterest OWNER TO postgres;

--
-- TOC entry 241 (class 1259 OID 24300)
-- Name: core_studentinterest_id_seq; Type: SEQUENCE; Schema: public; Owner: postgres
--

ALTER TABLE public.core_studentinterest ALTER COLUMN id ADD GENERATED BY DEFAULT AS IDENTITY (
    SEQUENCE NAME public.core_studentinterest_id_seq
    START WITH 1
    INCREMENT BY 1
    NO MINVALUE
    NO MAXVALUE
    CACHE 1
);


--
-- TOC entry 244 (class 1259 OID 24307)
-- Name: core_studentskill; Type: TABLE; Schema: public; Owner: postgres
--

CREATE TABLE public.core_studentskill (
    id bigint NOT NULL,
    skill_id bigint NOT NULL,
    student_id bigint NOT NULL
);


ALTER TABLE public.core_studentskill OWNER TO postgres;

--
-- TOC entry 243 (class 1259 OID 24306)
-- Name: core_studentskill_id_seq; Type: SEQUENCE; Schema: public; Owner: postgres
--

ALTER TABLE public.core_studentskill ALTER COLUMN id ADD GENERATED BY DEFAULT AS IDENTITY (
    SEQUENCE NAME public.core_studentskill_id_seq
    START WITH 1
    INCREMENT BY 1
    NO MINVALUE
    NO MAXVALUE
    CACHE 1
);


--
-- TOC entry 236 (class 1259 OID 24279)
-- Name: core_thesis; Type: TABLE; Schema: public; Owner: postgres
--

CREATE TABLE public.core_thesis (
    id bigint NOT NULL,
    title character varying(200) NOT NULL,
    description text NOT NULL,
    department character varying(120) NOT NULL,
    keywords character varying(300) NOT NULL,
    status character varying(20) NOT NULL,
    max_students integer NOT NULL,
    supervisor_id bigint NOT NULL,
    CONSTRAINT core_thesis_max_students_check CHECK ((max_students >= 0))
);


ALTER TABLE public.core_thesis OWNER TO postgres;

--
-- TOC entry 235 (class 1259 OID 24278)
-- Name: core_thesis_id_seq; Type: SEQUENCE; Schema: public; Owner: postgres
--

ALTER TABLE public.core_thesis ALTER COLUMN id ADD GENERATED BY DEFAULT AS IDENTITY (
    SEQUENCE NAME public.core_thesis_id_seq
    START WITH 1
    INCREMENT BY 1
    NO MINVALUE
    NO MAXVALUE
    CACHE 1
);


--
-- TOC entry 238 (class 1259 OID 24288)
-- Name: core_thesisinterest; Type: TABLE; Schema: public; Owner: postgres
--

CREATE TABLE public.core_thesisinterest (
    id bigint NOT NULL,
    interest_id bigint NOT NULL,
    thesis_id bigint NOT NULL
);


ALTER TABLE public.core_thesisinterest OWNER TO postgres;

--
-- TOC entry 237 (class 1259 OID 24287)
-- Name: core_thesisinterest_id_seq; Type: SEQUENCE; Schema: public; Owner: postgres
--

ALTER TABLE public.core_thesisinterest ALTER COLUMN id ADD GENERATED BY DEFAULT AS IDENTITY (
    SEQUENCE NAME public.core_thesisinterest_id_seq
    START WITH 1
    INCREMENT BY 1
    NO MINVALUE
    NO MAXVALUE
    CACHE 1
);


--
-- TOC entry 240 (class 1259 OID 24294)
-- Name: core_thesisskill; Type: TABLE; Schema: public; Owner: postgres
--

CREATE TABLE public.core_thesisskill (
    id bigint NOT NULL,
    required_level integer,
    skill_id bigint NOT NULL,
    thesis_id bigint NOT NULL,
    CONSTRAINT core_thesisskill_required_level_check CHECK ((required_level >= 0))
);


ALTER TABLE public.core_thesisskill OWNER TO postgres;

--
-- TOC entry 239 (class 1259 OID 24293)
-- Name: core_thesisskill_id_seq; Type: SEQUENCE; Schema: public; Owner: postgres
--

ALTER TABLE public.core_thesisskill ALTER COLUMN id ADD GENERATED BY DEFAULT AS IDENTITY (
    SEQUENCE NAME public.core_thesisskill_id_seq
    START WITH 1
    INCREMENT BY 1
    NO MINVALUE
    NO MAXVALUE
    CACHE 1
);


--
-- TOC entry 230 (class 1259 OID 24257)
-- Name: core_user; Type: TABLE; Schema: public; Owner: postgres
--

CREATE TABLE public.core_user (
    id bigint NOT NULL,
    password character varying(128) NOT NULL,
    last_login timestamp with time zone,
    is_superuser boolean NOT NULL,
    username character varying(150) NOT NULL,
    first_name character varying(150) NOT NULL,
    last_name character varying(150) NOT NULL,
    email character varying(254) NOT NULL,
    is_staff boolean NOT NULL,
    is_active boolean NOT NULL,
    date_joined timestamp with time zone NOT NULL,
    role character varying(20) NOT NULL,
    department character varying(120) NOT NULL
);


ALTER TABLE public.core_user OWNER TO postgres;

--
-- TOC entry 232 (class 1259 OID 24267)
-- Name: core_user_groups; Type: TABLE; Schema: public; Owner: postgres
--

CREATE TABLE public.core_user_groups (
    id bigint NOT NULL,
    user_id bigint NOT NULL,
    group_id integer NOT NULL
);


ALTER TABLE public.core_user_groups OWNER TO postgres;

--
-- TOC entry 231 (class 1259 OID 24266)
-- Name: core_user_groups_id_seq; Type: SEQUENCE; Schema: public; Owner: postgres
--

ALTER TABLE public.core_user_groups ALTER COLUMN id ADD GENERATED BY DEFAULT AS IDENTITY (
    SEQUENCE NAME public.core_user_groups_id_seq
    START WITH 1
    INCREMENT BY 1
    NO MINVALUE
    NO MAXVALUE
    CACHE 1
);


--
-- TOC entry 229 (class 1259 OID 24256)
-- Name: core_user_id_seq; Type: SEQUENCE; Schema: public; Owner: postgres
--

ALTER TABLE public.core_user ALTER COLUMN id ADD GENERATED BY DEFAULT AS IDENTITY (
    SEQUENCE NAME public.core_user_id_seq
    START WITH 1
    INCREMENT BY 1
    NO MINVALUE
    NO MAXVALUE
    CACHE 1
);


--
-- TOC entry 234 (class 1259 OID 24273)
-- Name: core_user_user_permissions; Type: TABLE; Schema: public; Owner: postgres
--

CREATE TABLE public.core_user_user_permissions (
    id bigint NOT NULL,
    user_id bigint NOT NULL,
    permission_id integer NOT NULL
);


ALTER TABLE public.core_user_user_permissions OWNER TO postgres;

--
-- TOC entry 233 (class 1259 OID 24272)
-- Name: core_user_user_permissions_id_seq; Type: SEQUENCE; Schema: public; Owner: postgres
--

ALTER TABLE public.core_user_user_permissions ALTER COLUMN id ADD GENERATED BY DEFAULT AS IDENTITY (
    SEQUENCE NAME public.core_user_user_permissions_id_seq
    START WITH 1
    INCREMENT BY 1
    NO MINVALUE
    NO MAXVALUE
    CACHE 1
);


--
-- TOC entry 248 (class 1259 OID 24429)
-- Name: django_admin_log; Type: TABLE; Schema: public; Owner: postgres
--

CREATE TABLE public.django_admin_log (
    id integer NOT NULL,
    action_time timestamp with time zone NOT NULL,
    object_id text,
    object_repr character varying(200) NOT NULL,
    action_flag smallint NOT NULL,
    change_message text NOT NULL,
    content_type_id integer,
    user_id bigint NOT NULL,
    CONSTRAINT django_admin_log_action_flag_check CHECK ((action_flag >= 0))
);


ALTER TABLE public.django_admin_log OWNER TO postgres;

--
-- TOC entry 247 (class 1259 OID 24428)
-- Name: django_admin_log_id_seq; Type: SEQUENCE; Schema: public; Owner: postgres
--

ALTER TABLE public.django_admin_log ALTER COLUMN id ADD GENERATED BY DEFAULT AS IDENTITY (
    SEQUENCE NAME public.django_admin_log_id_seq
    START WITH 1
    INCREMENT BY 1
    NO MINVALUE
    NO MAXVALUE
    CACHE 1
);


--
-- TOC entry 218 (class 1259 OID 24187)
-- Name: django_content_type; Type: TABLE; Schema: public; Owner: postgres
--

CREATE TABLE public.django_content_type (
    id integer NOT NULL,
    app_label character varying(100) NOT NULL,
    model character varying(100) NOT NULL
);


ALTER TABLE public.django_content_type OWNER TO postgres;

--
-- TOC entry 217 (class 1259 OID 24186)
-- Name: django_content_type_id_seq; Type: SEQUENCE; Schema: public; Owner: postgres
--

ALTER TABLE public.django_content_type ALTER COLUMN id ADD GENERATED BY DEFAULT AS IDENTITY (
    SEQUENCE NAME public.django_content_type_id_seq
    START WITH 1
    INCREMENT BY 1
    NO MINVALUE
    NO MAXVALUE
    CACHE 1
);


--
-- TOC entry 216 (class 1259 OID 24179)
-- Name: django_migrations; Type: TABLE; Schema: public; Owner: postgres
--

CREATE TABLE public.django_migrations (
    id bigint NOT NULL,
    app character varying(255) NOT NULL,
    name character varying(255) NOT NULL,
    applied timestamp with time zone NOT NULL
);


ALTER TABLE public.django_migrations OWNER TO postgres;

--
-- TOC entry 215 (class 1259 OID 24178)
-- Name: django_migrations_id_seq; Type: SEQUENCE; Schema: public; Owner: postgres
--

ALTER TABLE public.django_migrations ALTER COLUMN id ADD GENERATED BY DEFAULT AS IDENTITY (
    SEQUENCE NAME public.django_migrations_id_seq
    START WITH 1
    INCREMENT BY 1
    NO MINVALUE
    NO MAXVALUE
    CACHE 1
);


--
-- TOC entry 249 (class 1259 OID 24449)
-- Name: django_session; Type: TABLE; Schema: public; Owner: postgres
--

CREATE TABLE public.django_session (
    session_key character varying(40) NOT NULL,
    session_data text NOT NULL,
    expire_date timestamp with time zone NOT NULL
);


ALTER TABLE public.django_session OWNER TO postgres;

--
-- TOC entry 4981 (class 0 OID 24201)
-- Dependencies: 222
-- Data for Name: auth_group; Type: TABLE DATA; Schema: public; Owner: postgres
--

COPY public.auth_group (id, name) FROM stdin;
\.


--
-- TOC entry 4983 (class 0 OID 24209)
-- Dependencies: 224
-- Data for Name: auth_group_permissions; Type: TABLE DATA; Schema: public; Owner: postgres
--

COPY public.auth_group_permissions (id, group_id, permission_id) FROM stdin;
\.


--
-- TOC entry 4979 (class 0 OID 24195)
-- Dependencies: 220
-- Data for Name: auth_permission; Type: TABLE DATA; Schema: public; Owner: postgres
--

COPY public.auth_permission (id, name, content_type_id, codename) FROM stdin;
1	Can add log entry	1	add_logentry
2	Can change log entry	1	change_logentry
3	Can delete log entry	1	delete_logentry
4	Can view log entry	1	view_logentry
5	Can add permission	2	add_permission
6	Can change permission	2	change_permission
7	Can delete permission	2	delete_permission
8	Can view permission	2	view_permission
9	Can add group	3	add_group
10	Can change group	3	change_group
11	Can delete group	3	delete_group
12	Can view group	3	view_group
13	Can add content type	4	add_contenttype
14	Can change content type	4	change_contenttype
15	Can delete content type	4	delete_contenttype
16	Can view content type	4	view_contenttype
17	Can add session	5	add_session
18	Can change session	5	change_session
19	Can delete session	5	delete_session
20	Can view session	5	view_session
21	Can add research interest	6	add_researchinterest
22	Can change research interest	6	change_researchinterest
23	Can delete research interest	6	delete_researchinterest
24	Can view research interest	6	view_researchinterest
25	Can add skill	7	add_skill
26	Can change skill	7	change_skill
27	Can delete skill	7	delete_skill
28	Can view skill	7	view_skill
29	Can add user	8	add_user
30	Can change user	8	change_user
31	Can delete user	8	delete_user
32	Can view user	8	view_user
33	Can add thesis	9	add_thesis
34	Can change thesis	9	change_thesis
35	Can delete thesis	9	delete_thesis
36	Can view thesis	9	view_thesis
37	Can add thesis interest	10	add_thesisinterest
38	Can change thesis interest	10	change_thesisinterest
39	Can delete thesis interest	10	delete_thesisinterest
40	Can view thesis interest	10	view_thesisinterest
41	Can add thesis skill	11	add_thesisskill
42	Can change thesis skill	11	change_thesisskill
43	Can delete thesis skill	11	delete_thesisskill
44	Can view thesis skill	11	view_thesisskill
45	Can add student interest	12	add_studentinterest
46	Can change student interest	12	change_studentinterest
47	Can delete student interest	12	delete_studentinterest
48	Can view student interest	12	view_studentinterest
49	Can add student skill	13	add_studentskill
50	Can change student skill	13	change_studentskill
51	Can delete student skill	13	delete_studentskill
52	Can view student skill	13	view_studentskill
53	Can add application	14	add_application
54	Can change application	14	change_application
55	Can delete application	14	delete_application
56	Can view application	14	view_application
\.


--
-- TOC entry 5005 (class 0 OID 24314)
-- Dependencies: 246
-- Data for Name: core_application; Type: TABLE DATA; Schema: public; Owner: postgres
--

COPY public.core_application (id, status, application_date, motivation_letter, student_id, thesis_id) FROM stdin;
1	pending	2025-08-21 18:55:52+03		6	1
\.


--
-- TOC entry 4985 (class 0 OID 24241)
-- Dependencies: 226
-- Data for Name: core_researchinterest; Type: TABLE DATA; Schema: public; Owner: postgres
--

COPY public.core_researchinterest (id, name) FROM stdin;
1	Natural Language Processing
2	Artificial Intelligence
3	Databases
4	Software Engineering
5	Neural Networks
6	Cybersecurity
\.


--
-- TOC entry 4987 (class 0 OID 24249)
-- Dependencies: 228
-- Data for Name: core_skill; Type: TABLE DATA; Schema: public; Owner: postgres
--

COPY public.core_skill (id, name) FROM stdin;
1	Python
2	C++
3	OpenGL
4	C
5	Haskell
6	Java
\.


--
-- TOC entry 5001 (class 0 OID 24301)
-- Dependencies: 242
-- Data for Name: core_studentinterest; Type: TABLE DATA; Schema: public; Owner: postgres
--

COPY public.core_studentinterest (id, priority, interest_id, student_id) FROM stdin;
1	2	3	2
2	3	4	2
\.


--
-- TOC entry 5003 (class 0 OID 24307)
-- Dependencies: 244
-- Data for Name: core_studentskill; Type: TABLE DATA; Schema: public; Owner: postgres
--

COPY public.core_studentskill (id, skill_id, student_id) FROM stdin;
1	5	6
2	4	6
3	2	4
4	4	4
5	3	4
6	6	2
\.


--
-- TOC entry 4995 (class 0 OID 24279)
-- Dependencies: 236
-- Data for Name: core_thesis; Type: TABLE DATA; Schema: public; Owner: postgres
--

COPY public.core_thesis (id, title, description, department, keywords, status, max_students, supervisor_id) FROM stdin;
1	thesis1		AC		open	5	5
\.


--
-- TOC entry 4997 (class 0 OID 24288)
-- Dependencies: 238
-- Data for Name: core_thesisinterest; Type: TABLE DATA; Schema: public; Owner: postgres
--

COPY public.core_thesisinterest (id, interest_id, thesis_id) FROM stdin;
1	1	1
2	2	1
\.


--
-- TOC entry 4999 (class 0 OID 24294)
-- Dependencies: 240
-- Data for Name: core_thesisskill; Type: TABLE DATA; Schema: public; Owner: postgres
--

COPY public.core_thesisskill (id, required_level, skill_id, thesis_id) FROM stdin;
1	\N	1	1
\.


--
-- TOC entry 4989 (class 0 OID 24257)
-- Dependencies: 230
-- Data for Name: core_user; Type: TABLE DATA; Schema: public; Owner: postgres
--

COPY public.core_user (id, password, last_login, is_superuser, username, first_name, last_name, email, is_staff, is_active, date_joined, role, department) FROM stdin;
3	pass2	2025-08-21 17:05:37+03	f	user2	fname2	lname2	email2@email.com	f	t	2025-08-21 17:05:31+03	supervisor	AC
4	pass3	2025-08-21 18:37:06+03	f	user3	fname3	lname3	email3@email.com	f	t	2025-08-21 18:35:52+03	student	AC
5	pass4	\N	f	user4	fname4	lname4	email4@email.com	f	t	2025-08-21 18:37:08+03	supervisor	AC
6	pass5	\N	f	user5	fname5	lname5	email5@email.com	f	t	2025-08-21 18:38:24+03	student	AC
7	pass6	\N	f	user6	fname6	lname6	email6@email.com	f	t	2025-08-21 18:38:47+03	supervisor	AC
1	pbkdf2_sha256$1000000$uyAcfgqikdsPT63dnXd38p$3Fk6ImgA1ZnibqnaQHRrcfjW9/n9wZl8uPbCtb/9dJM=	2025-08-21 19:11:08.753236+03	t	mate			thisisntyouremailbish@gmail.com	t	t	2025-08-21 03:50:59.790146+03		
2	pass1	2025-08-21 17:04:18+03	f	user1	fname1	lname1	email1@email.com	f	t	2025-08-21 17:03:59+03	student	AC
10	pbkdf2_sha256$1000000$soADA8WJuG1W9TM91PbcRV$Fuw0juSi0HUQ1yXWTrUpxVETbFDv9/nLiSSuyqh59F0=	2025-08-22 04:16:30.184546+03	f	register_test			register@email.com	f	t	2025-08-22 00:37:14.402426+03	student	AC
\.


--
-- TOC entry 4991 (class 0 OID 24267)
-- Dependencies: 232
-- Data for Name: core_user_groups; Type: TABLE DATA; Schema: public; Owner: postgres
--

COPY public.core_user_groups (id, user_id, group_id) FROM stdin;
\.


--
-- TOC entry 4993 (class 0 OID 24273)
-- Dependencies: 234
-- Data for Name: core_user_user_permissions; Type: TABLE DATA; Schema: public; Owner: postgres
--

COPY public.core_user_user_permissions (id, user_id, permission_id) FROM stdin;
\.


--
-- TOC entry 5007 (class 0 OID 24429)
-- Dependencies: 248
-- Data for Name: django_admin_log; Type: TABLE DATA; Schema: public; Owner: postgres
--

COPY public.django_admin_log (id, action_time, object_id, object_repr, action_flag, change_message, content_type_id, user_id) FROM stdin;
1	2025-08-21 17:05:31.403303+03	2	user1 (student)	1	[{"added": {}}]	8	1
2	2025-08-21 17:06:04.668103+03	3	user2 (supervisor)	1	[{"added": {}}]	8	1
3	2025-08-21 17:07:05.57501+03	1	Natural Language Processing	1	[{"added": {}}]	6	1
4	2025-08-21 17:07:14.308672+03	2	Artificial Intelligence	1	[{"added": {}}]	6	1
5	2025-08-21 17:07:22.078609+03	3	Databases	1	[{"added": {}}]	6	1
6	2025-08-21 17:07:31.748023+03	4	Software Engineering	1	[{"added": {}}]	6	1
7	2025-08-21 17:07:40.973+03	5	Neural Networks	1	[{"added": {}}]	6	1
8	2025-08-21 17:07:45.96742+03	6	Cybersecurity	1	[{"added": {}}]	6	1
9	2025-08-21 17:08:18.310259+03	1	StudentInterest object (1)	1	[{"added": {}}]	12	1
10	2025-08-21 17:08:34.355083+03	2	StudentInterest object (2)	1	[{"added": {}}]	12	1
11	2025-08-21 18:37:07.953938+03	4	user3 (student)	1	[{"added": {}}]	8	1
12	2025-08-21 18:38:23.920901+03	5	user4 (supervisor)	1	[{"added": {}}]	8	1
13	2025-08-21 18:38:47.177201+03	6	user5 (student)	1	[{"added": {}}]	8	1
14	2025-08-21 18:39:08.773949+03	7	user6 (supervisor)	1	[{"added": {}}]	8	1
15	2025-08-21 18:45:58.19981+03	8	user7 (student)	1	[{"added": {}}]	8	1
16	2025-08-21 18:46:39.519068+03	8	user7 (student)	3		8	1
17	2025-08-21 18:51:15.725141+03	9	user10 (student)	3		8	1
18	2025-08-21 18:51:35.660277+03	1	Python	1	[{"added": {}}]	7	1
19	2025-08-21 18:51:39.694546+03	2	C++	1	[{"added": {}}]	7	1
20	2025-08-21 18:51:46.481715+03	3	OpenGL	1	[{"added": {}}]	7	1
21	2025-08-21 18:51:49.400493+03	4	C	1	[{"added": {}}]	7	1
22	2025-08-21 18:51:54.19866+03	5	Haskell	1	[{"added": {}}]	7	1
23	2025-08-21 18:51:58.573373+03	6	Java	1	[{"added": {}}]	7	1
24	2025-08-21 18:52:50.655122+03	1	thesis1 (user4)	1	[{"added": {}}]	9	1
25	2025-08-21 18:54:26.948429+03	1	ThesisInterest object (1)	1	[{"added": {}}]	10	1
26	2025-08-21 18:54:34.953838+03	2	ThesisInterest object (2)	1	[{"added": {}}]	10	1
27	2025-08-21 18:54:58.997163+03	1	ThesisSkill object (1)	1	[{"added": {}}]	11	1
28	2025-08-21 18:55:11.833162+03	1	StudentSkill object (1)	1	[{"added": {}}]	13	1
29	2025-08-21 18:55:16.287976+03	2	StudentSkill object (2)	1	[{"added": {}}]	13	1
30	2025-08-21 18:55:20.462499+03	3	StudentSkill object (3)	1	[{"added": {}}]	13	1
31	2025-08-21 18:55:24.358102+03	4	StudentSkill object (4)	1	[{"added": {}}]	13	1
32	2025-08-21 18:55:26.818597+03	5	StudentSkill object (5)	1	[{"added": {}}]	13	1
33	2025-08-21 18:55:35.318795+03	6	StudentSkill object (6)	1	[{"added": {}}]	13	1
34	2025-08-21 18:56:06.790133+03	1	App(user5 -> thesis1) [pending]	1	[{"added": {}}]	14	1
35	2025-08-21 18:56:20.295792+03	1	App(user5 -> thesis1) [pending]	2	[]	14	1
36	2025-08-21 19:13:15.011342+03	2	user1 (student)	2	[]	8	1
\.


--
-- TOC entry 4977 (class 0 OID 24187)
-- Dependencies: 218
-- Data for Name: django_content_type; Type: TABLE DATA; Schema: public; Owner: postgres
--

COPY public.django_content_type (id, app_label, model) FROM stdin;
1	admin	logentry
2	auth	permission
3	auth	group
4	contenttypes	contenttype
5	sessions	session
6	core	researchinterest
7	core	skill
8	core	user
9	core	thesis
10	core	thesisinterest
11	core	thesisskill
12	core	studentinterest
13	core	studentskill
14	core	application
\.


--
-- TOC entry 4975 (class 0 OID 24179)
-- Dependencies: 216
-- Data for Name: django_migrations; Type: TABLE DATA; Schema: public; Owner: postgres
--

COPY public.django_migrations (id, app, name, applied) FROM stdin;
1	contenttypes	0001_initial	2025-08-21 03:43:26.39538+03
2	contenttypes	0002_remove_content_type_name	2025-08-21 03:43:26.399379+03
3	auth	0001_initial	2025-08-21 03:43:26.425379+03
4	auth	0002_alter_permission_name_max_length	2025-08-21 03:43:26.428381+03
5	auth	0003_alter_user_email_max_length	2025-08-21 03:43:26.431395+03
6	auth	0004_alter_user_username_opts	2025-08-21 03:43:26.441379+03
7	auth	0005_alter_user_last_login_null	2025-08-21 03:43:26.444396+03
8	auth	0006_require_contenttypes_0002	2025-08-21 03:43:26.445379+03
9	auth	0007_alter_validators_add_error_messages	2025-08-21 03:43:26.447393+03
10	auth	0008_alter_user_username_max_length	2025-08-21 03:43:26.450379+03
11	auth	0009_alter_user_last_name_max_length	2025-08-21 03:43:26.452395+03
12	auth	0010_alter_group_name_max_length	2025-08-21 03:43:26.455379+03
13	auth	0011_update_proxy_permissions	2025-08-21 03:43:26.458393+03
14	auth	0012_alter_user_first_name_max_length	2025-08-21 03:43:26.4614+03
15	core	0001_initial	2025-08-21 03:43:26.572379+03
16	admin	0001_initial	2025-08-21 03:43:26.589378+03
17	admin	0002_logentry_remove_auto_add	2025-08-21 03:43:26.59438+03
18	admin	0003_logentry_add_action_flag_choices	2025-08-21 03:43:26.599379+03
19	sessions	0001_initial	2025-08-21 03:43:26.607379+03
20	core	0002_remove_studentskill_proficiency_level	2025-08-21 03:49:26.366637+03
\.


--
-- TOC entry 5008 (class 0 OID 24449)
-- Dependencies: 249
-- Data for Name: django_session; Type: TABLE DATA; Schema: public; Owner: postgres
--

COPY public.django_session (session_key, session_data, expire_date) FROM stdin;
xe3drqqqsnbjq497rkty95nk5dy01aq8	.eJxVjEsOAiEQBe_C2pAeBhpw6d4zkIYGGTVDMp-V8e5KMgvdvqp6LxFo32rY17yEicVZDCBOv2Ok9MhzJ3yn-dZkavO2TFF2RR50ldfG-Xk53L-DSmv91okjFjsadlw8OFdUAZujVaAhAxlMGjUy4kCknIcyekLfuYmoEMT7AwrHN3k:1upGOM:vVTeAYuyMuVuodayV6LdQlS0Pax9Rr5Pm8dOnXhOCCU	2025-09-05 04:16:30.185546+03
\.


--
-- TOC entry 5016 (class 0 OID 0)
-- Dependencies: 221
-- Name: auth_group_id_seq; Type: SEQUENCE SET; Schema: public; Owner: postgres
--

SELECT pg_catalog.setval('public.auth_group_id_seq', 1, false);


--
-- TOC entry 5017 (class 0 OID 0)
-- Dependencies: 223
-- Name: auth_group_permissions_id_seq; Type: SEQUENCE SET; Schema: public; Owner: postgres
--

SELECT pg_catalog.setval('public.auth_group_permissions_id_seq', 1, false);


--
-- TOC entry 5018 (class 0 OID 0)
-- Dependencies: 219
-- Name: auth_permission_id_seq; Type: SEQUENCE SET; Schema: public; Owner: postgres
--

SELECT pg_catalog.setval('public.auth_permission_id_seq', 56, true);


--
-- TOC entry 5019 (class 0 OID 0)
-- Dependencies: 245
-- Name: core_application_id_seq; Type: SEQUENCE SET; Schema: public; Owner: postgres
--

SELECT pg_catalog.setval('public.core_application_id_seq', 1, true);


--
-- TOC entry 5020 (class 0 OID 0)
-- Dependencies: 225
-- Name: core_researchinterest_id_seq; Type: SEQUENCE SET; Schema: public; Owner: postgres
--

SELECT pg_catalog.setval('public.core_researchinterest_id_seq', 6, true);


--
-- TOC entry 5021 (class 0 OID 0)
-- Dependencies: 227
-- Name: core_skill_id_seq; Type: SEQUENCE SET; Schema: public; Owner: postgres
--

SELECT pg_catalog.setval('public.core_skill_id_seq', 6, true);


--
-- TOC entry 5022 (class 0 OID 0)
-- Dependencies: 241
-- Name: core_studentinterest_id_seq; Type: SEQUENCE SET; Schema: public; Owner: postgres
--

SELECT pg_catalog.setval('public.core_studentinterest_id_seq', 2, true);


--
-- TOC entry 5023 (class 0 OID 0)
-- Dependencies: 243
-- Name: core_studentskill_id_seq; Type: SEQUENCE SET; Schema: public; Owner: postgres
--

SELECT pg_catalog.setval('public.core_studentskill_id_seq', 6, true);


--
-- TOC entry 5024 (class 0 OID 0)
-- Dependencies: 235
-- Name: core_thesis_id_seq; Type: SEQUENCE SET; Schema: public; Owner: postgres
--

SELECT pg_catalog.setval('public.core_thesis_id_seq', 1, true);


--
-- TOC entry 5025 (class 0 OID 0)
-- Dependencies: 237
-- Name: core_thesisinterest_id_seq; Type: SEQUENCE SET; Schema: public; Owner: postgres
--

SELECT pg_catalog.setval('public.core_thesisinterest_id_seq', 2, true);


--
-- TOC entry 5026 (class 0 OID 0)
-- Dependencies: 239
-- Name: core_thesisskill_id_seq; Type: SEQUENCE SET; Schema: public; Owner: postgres
--

SELECT pg_catalog.setval('public.core_thesisskill_id_seq', 1, true);


--
-- TOC entry 5027 (class 0 OID 0)
-- Dependencies: 231
-- Name: core_user_groups_id_seq; Type: SEQUENCE SET; Schema: public; Owner: postgres
--

SELECT pg_catalog.setval('public.core_user_groups_id_seq', 1, false);


--
-- TOC entry 5028 (class 0 OID 0)
-- Dependencies: 229
-- Name: core_user_id_seq; Type: SEQUENCE SET; Schema: public; Owner: postgres
--

SELECT pg_catalog.setval('public.core_user_id_seq', 10, true);


--
-- TOC entry 5029 (class 0 OID 0)
-- Dependencies: 233
-- Name: core_user_user_permissions_id_seq; Type: SEQUENCE SET; Schema: public; Owner: postgres
--

SELECT pg_catalog.setval('public.core_user_user_permissions_id_seq', 1, false);


--
-- TOC entry 5030 (class 0 OID 0)
-- Dependencies: 247
-- Name: django_admin_log_id_seq; Type: SEQUENCE SET; Schema: public; Owner: postgres
--

SELECT pg_catalog.setval('public.django_admin_log_id_seq', 36, true);


--
-- TOC entry 5031 (class 0 OID 0)
-- Dependencies: 217
-- Name: django_content_type_id_seq; Type: SEQUENCE SET; Schema: public; Owner: postgres
--

SELECT pg_catalog.setval('public.django_content_type_id_seq', 14, true);


--
-- TOC entry 5032 (class 0 OID 0)
-- Dependencies: 215
-- Name: django_migrations_id_seq; Type: SEQUENCE SET; Schema: public; Owner: postgres
--

SELECT pg_catalog.setval('public.django_migrations_id_seq', 20, true);


--
-- TOC entry 4734 (class 2606 OID 24238)
-- Name: auth_group auth_group_name_key; Type: CONSTRAINT; Schema: public; Owner: postgres
--

ALTER TABLE ONLY public.auth_group
    ADD CONSTRAINT auth_group_name_key UNIQUE (name);


--
-- TOC entry 4739 (class 2606 OID 24224)
-- Name: auth_group_permissions auth_group_permissions_group_id_permission_id_0cd325b0_uniq; Type: CONSTRAINT; Schema: public; Owner: postgres
--

ALTER TABLE ONLY public.auth_group_permissions
    ADD CONSTRAINT auth_group_permissions_group_id_permission_id_0cd325b0_uniq UNIQUE (group_id, permission_id);


--
-- TOC entry 4742 (class 2606 OID 24213)
-- Name: auth_group_permissions auth_group_permissions_pkey; Type: CONSTRAINT; Schema: public; Owner: postgres
--

ALTER TABLE ONLY public.auth_group_permissions
    ADD CONSTRAINT auth_group_permissions_pkey PRIMARY KEY (id);


--
-- TOC entry 4736 (class 2606 OID 24205)
-- Name: auth_group auth_group_pkey; Type: CONSTRAINT; Schema: public; Owner: postgres
--

ALTER TABLE ONLY public.auth_group
    ADD CONSTRAINT auth_group_pkey PRIMARY KEY (id);


--
-- TOC entry 4729 (class 2606 OID 24215)
-- Name: auth_permission auth_permission_content_type_id_codename_01ab375a_uniq; Type: CONSTRAINT; Schema: public; Owner: postgres
--

ALTER TABLE ONLY public.auth_permission
    ADD CONSTRAINT auth_permission_content_type_id_codename_01ab375a_uniq UNIQUE (content_type_id, codename);


--
-- TOC entry 4731 (class 2606 OID 24199)
-- Name: auth_permission auth_permission_pkey; Type: CONSTRAINT; Schema: public; Owner: postgres
--

ALTER TABLE ONLY public.auth_permission
    ADD CONSTRAINT auth_permission_pkey PRIMARY KEY (id);


--
-- TOC entry 4798 (class 2606 OID 24320)
-- Name: core_application core_application_pkey; Type: CONSTRAINT; Schema: public; Owner: postgres
--

ALTER TABLE ONLY public.core_application
    ADD CONSTRAINT core_application_pkey PRIMARY KEY (id);


--
-- TOC entry 4801 (class 2606 OID 24415)
-- Name: core_application core_application_student_id_thesis_id_48144188_uniq; Type: CONSTRAINT; Schema: public; Owner: postgres
--

ALTER TABLE ONLY public.core_application
    ADD CONSTRAINT core_application_student_id_thesis_id_48144188_uniq UNIQUE (student_id, thesis_id);


--
-- TOC entry 4745 (class 2606 OID 24247)
-- Name: core_researchinterest core_researchinterest_name_key; Type: CONSTRAINT; Schema: public; Owner: postgres
--

ALTER TABLE ONLY public.core_researchinterest
    ADD CONSTRAINT core_researchinterest_name_key UNIQUE (name);


--
-- TOC entry 4747 (class 2606 OID 24245)
-- Name: core_researchinterest core_researchinterest_pkey; Type: CONSTRAINT; Schema: public; Owner: postgres
--

ALTER TABLE ONLY public.core_researchinterest
    ADD CONSTRAINT core_researchinterest_pkey PRIMARY KEY (id);


--
-- TOC entry 4750 (class 2606 OID 24255)
-- Name: core_skill core_skill_name_key; Type: CONSTRAINT; Schema: public; Owner: postgres
--

ALTER TABLE ONLY public.core_skill
    ADD CONSTRAINT core_skill_name_key UNIQUE (name);


--
-- TOC entry 4752 (class 2606 OID 24253)
-- Name: core_skill core_skill_pkey; Type: CONSTRAINT; Schema: public; Owner: postgres
--

ALTER TABLE ONLY public.core_skill
    ADD CONSTRAINT core_skill_pkey PRIMARY KEY (id);


--
-- TOC entry 4787 (class 2606 OID 24305)
-- Name: core_studentinterest core_studentinterest_pkey; Type: CONSTRAINT; Schema: public; Owner: postgres
--

ALTER TABLE ONLY public.core_studentinterest
    ADD CONSTRAINT core_studentinterest_pkey PRIMARY KEY (id);


--
-- TOC entry 4790 (class 2606 OID 24387)
-- Name: core_studentinterest core_studentinterest_student_id_interest_id_a4e3200c_uniq; Type: CONSTRAINT; Schema: public; Owner: postgres
--

ALTER TABLE ONLY public.core_studentinterest
    ADD CONSTRAINT core_studentinterest_student_id_interest_id_a4e3200c_uniq UNIQUE (student_id, interest_id);


--
-- TOC entry 4792 (class 2606 OID 24312)
-- Name: core_studentskill core_studentskill_pkey; Type: CONSTRAINT; Schema: public; Owner: postgres
--

ALTER TABLE ONLY public.core_studentskill
    ADD CONSTRAINT core_studentskill_pkey PRIMARY KEY (id);


--
-- TOC entry 4796 (class 2606 OID 24401)
-- Name: core_studentskill core_studentskill_student_id_skill_id_bbc928cd_uniq; Type: CONSTRAINT; Schema: public; Owner: postgres
--

ALTER TABLE ONLY public.core_studentskill
    ADD CONSTRAINT core_studentskill_student_id_skill_id_bbc928cd_uniq UNIQUE (student_id, skill_id);


--
-- TOC entry 4771 (class 2606 OID 24286)
-- Name: core_thesis core_thesis_pkey; Type: CONSTRAINT; Schema: public; Owner: postgres
--

ALTER TABLE ONLY public.core_thesis
    ADD CONSTRAINT core_thesis_pkey PRIMARY KEY (id);


--
-- TOC entry 4775 (class 2606 OID 24292)
-- Name: core_thesisinterest core_thesisinterest_pkey; Type: CONSTRAINT; Schema: public; Owner: postgres
--

ALTER TABLE ONLY public.core_thesisinterest
    ADD CONSTRAINT core_thesisinterest_pkey PRIMARY KEY (id);


--
-- TOC entry 4778 (class 2606 OID 24359)
-- Name: core_thesisinterest core_thesisinterest_thesis_id_interest_id_4d06fddb_uniq; Type: CONSTRAINT; Schema: public; Owner: postgres
--

ALTER TABLE ONLY public.core_thesisinterest
    ADD CONSTRAINT core_thesisinterest_thesis_id_interest_id_4d06fddb_uniq UNIQUE (thesis_id, interest_id);


--
-- TOC entry 4780 (class 2606 OID 24299)
-- Name: core_thesisskill core_thesisskill_pkey; Type: CONSTRAINT; Schema: public; Owner: postgres
--

ALTER TABLE ONLY public.core_thesisskill
    ADD CONSTRAINT core_thesisskill_pkey PRIMARY KEY (id);


--
-- TOC entry 4784 (class 2606 OID 24373)
-- Name: core_thesisskill core_thesisskill_thesis_id_skill_id_be60aeda_uniq; Type: CONSTRAINT; Schema: public; Owner: postgres
--

ALTER TABLE ONLY public.core_thesisskill
    ADD CONSTRAINT core_thesisskill_thesis_id_skill_id_be60aeda_uniq UNIQUE (thesis_id, skill_id);


--
-- TOC entry 4760 (class 2606 OID 24271)
-- Name: core_user_groups core_user_groups_pkey; Type: CONSTRAINT; Schema: public; Owner: postgres
--

ALTER TABLE ONLY public.core_user_groups
    ADD CONSTRAINT core_user_groups_pkey PRIMARY KEY (id);


--
-- TOC entry 4763 (class 2606 OID 24325)
-- Name: core_user_groups core_user_groups_user_id_group_id_c82fcad1_uniq; Type: CONSTRAINT; Schema: public; Owner: postgres
--

ALTER TABLE ONLY public.core_user_groups
    ADD CONSTRAINT core_user_groups_user_id_group_id_c82fcad1_uniq UNIQUE (user_id, group_id);


--
-- TOC entry 4754 (class 2606 OID 24263)
-- Name: core_user core_user_pkey; Type: CONSTRAINT; Schema: public; Owner: postgres
--

ALTER TABLE ONLY public.core_user
    ADD CONSTRAINT core_user_pkey PRIMARY KEY (id);


--
-- TOC entry 4766 (class 2606 OID 24277)
-- Name: core_user_user_permissions core_user_user_permissions_pkey; Type: CONSTRAINT; Schema: public; Owner: postgres
--

ALTER TABLE ONLY public.core_user_user_permissions
    ADD CONSTRAINT core_user_user_permissions_pkey PRIMARY KEY (id);


--
-- TOC entry 4769 (class 2606 OID 24339)
-- Name: core_user_user_permissions core_user_user_permissions_user_id_permission_id_73ea0daa_uniq; Type: CONSTRAINT; Schema: public; Owner: postgres
--

ALTER TABLE ONLY public.core_user_user_permissions
    ADD CONSTRAINT core_user_user_permissions_user_id_permission_id_73ea0daa_uniq UNIQUE (user_id, permission_id);


--
-- TOC entry 4757 (class 2606 OID 24265)
-- Name: core_user core_user_username_key; Type: CONSTRAINT; Schema: public; Owner: postgres
--

ALTER TABLE ONLY public.core_user
    ADD CONSTRAINT core_user_username_key UNIQUE (username);


--
-- TOC entry 4805 (class 2606 OID 24436)
-- Name: django_admin_log django_admin_log_pkey; Type: CONSTRAINT; Schema: public; Owner: postgres
--

ALTER TABLE ONLY public.django_admin_log
    ADD CONSTRAINT django_admin_log_pkey PRIMARY KEY (id);


--
-- TOC entry 4724 (class 2606 OID 24193)
-- Name: django_content_type django_content_type_app_label_model_76bd3d3b_uniq; Type: CONSTRAINT; Schema: public; Owner: postgres
--

ALTER TABLE ONLY public.django_content_type
    ADD CONSTRAINT django_content_type_app_label_model_76bd3d3b_uniq UNIQUE (app_label, model);


--
-- TOC entry 4726 (class 2606 OID 24191)
-- Name: django_content_type django_content_type_pkey; Type: CONSTRAINT; Schema: public; Owner: postgres
--

ALTER TABLE ONLY public.django_content_type
    ADD CONSTRAINT django_content_type_pkey PRIMARY KEY (id);


--
-- TOC entry 4722 (class 2606 OID 24185)
-- Name: django_migrations django_migrations_pkey; Type: CONSTRAINT; Schema: public; Owner: postgres
--

ALTER TABLE ONLY public.django_migrations
    ADD CONSTRAINT django_migrations_pkey PRIMARY KEY (id);


--
-- TOC entry 4809 (class 2606 OID 24455)
-- Name: django_session django_session_pkey; Type: CONSTRAINT; Schema: public; Owner: postgres
--

ALTER TABLE ONLY public.django_session
    ADD CONSTRAINT django_session_pkey PRIMARY KEY (session_key);


--
-- TOC entry 4732 (class 1259 OID 24239)
-- Name: auth_group_name_a6ea08ec_like; Type: INDEX; Schema: public; Owner: postgres
--

CREATE INDEX auth_group_name_a6ea08ec_like ON public.auth_group USING btree (name varchar_pattern_ops);


--
-- TOC entry 4737 (class 1259 OID 24235)
-- Name: auth_group_permissions_group_id_b120cbf9; Type: INDEX; Schema: public; Owner: postgres
--

CREATE INDEX auth_group_permissions_group_id_b120cbf9 ON public.auth_group_permissions USING btree (group_id);


--
-- TOC entry 4740 (class 1259 OID 24236)
-- Name: auth_group_permissions_permission_id_84c5c92e; Type: INDEX; Schema: public; Owner: postgres
--

CREATE INDEX auth_group_permissions_permission_id_84c5c92e ON public.auth_group_permissions USING btree (permission_id);


--
-- TOC entry 4727 (class 1259 OID 24221)
-- Name: auth_permission_content_type_id_2f476e4b; Type: INDEX; Schema: public; Owner: postgres
--

CREATE INDEX auth_permission_content_type_id_2f476e4b ON public.auth_permission USING btree (content_type_id);


--
-- TOC entry 4799 (class 1259 OID 24426)
-- Name: core_application_student_id_f2a1b9f3; Type: INDEX; Schema: public; Owner: postgres
--

CREATE INDEX core_application_student_id_f2a1b9f3 ON public.core_application USING btree (student_id);


--
-- TOC entry 4802 (class 1259 OID 24427)
-- Name: core_application_thesis_id_584d78ad; Type: INDEX; Schema: public; Owner: postgres
--

CREATE INDEX core_application_thesis_id_584d78ad ON public.core_application USING btree (thesis_id);


--
-- TOC entry 4743 (class 1259 OID 24321)
-- Name: core_researchinterest_name_a376f9ea_like; Type: INDEX; Schema: public; Owner: postgres
--

CREATE INDEX core_researchinterest_name_a376f9ea_like ON public.core_researchinterest USING btree (name varchar_pattern_ops);


--
-- TOC entry 4748 (class 1259 OID 24322)
-- Name: core_skill_name_a15fcc1f_like; Type: INDEX; Schema: public; Owner: postgres
--

CREATE INDEX core_skill_name_a15fcc1f_like ON public.core_skill USING btree (name varchar_pattern_ops);


--
-- TOC entry 4785 (class 1259 OID 24398)
-- Name: core_studentinterest_interest_id_4b47f5bc; Type: INDEX; Schema: public; Owner: postgres
--

CREATE INDEX core_studentinterest_interest_id_4b47f5bc ON public.core_studentinterest USING btree (interest_id);


--
-- TOC entry 4788 (class 1259 OID 24399)
-- Name: core_studentinterest_student_id_cf695894; Type: INDEX; Schema: public; Owner: postgres
--

CREATE INDEX core_studentinterest_student_id_cf695894 ON public.core_studentinterest USING btree (student_id);


--
-- TOC entry 4793 (class 1259 OID 24412)
-- Name: core_studentskill_skill_id_2653dd1e; Type: INDEX; Schema: public; Owner: postgres
--

CREATE INDEX core_studentskill_skill_id_2653dd1e ON public.core_studentskill USING btree (skill_id);


--
-- TOC entry 4794 (class 1259 OID 24413)
-- Name: core_studentskill_student_id_b63c18fc; Type: INDEX; Schema: public; Owner: postgres
--

CREATE INDEX core_studentskill_student_id_b63c18fc ON public.core_studentskill USING btree (student_id);


--
-- TOC entry 4772 (class 1259 OID 24357)
-- Name: core_thesis_supervisor_id_4ed7043d; Type: INDEX; Schema: public; Owner: postgres
--

CREATE INDEX core_thesis_supervisor_id_4ed7043d ON public.core_thesis USING btree (supervisor_id);


--
-- TOC entry 4773 (class 1259 OID 24370)
-- Name: core_thesisinterest_interest_id_1c1317c0; Type: INDEX; Schema: public; Owner: postgres
--

CREATE INDEX core_thesisinterest_interest_id_1c1317c0 ON public.core_thesisinterest USING btree (interest_id);


--
-- TOC entry 4776 (class 1259 OID 24371)
-- Name: core_thesisinterest_thesis_id_7bb53c6a; Type: INDEX; Schema: public; Owner: postgres
--

CREATE INDEX core_thesisinterest_thesis_id_7bb53c6a ON public.core_thesisinterest USING btree (thesis_id);


--
-- TOC entry 4781 (class 1259 OID 24384)
-- Name: core_thesisskill_skill_id_ad69b433; Type: INDEX; Schema: public; Owner: postgres
--

CREATE INDEX core_thesisskill_skill_id_ad69b433 ON public.core_thesisskill USING btree (skill_id);


--
-- TOC entry 4782 (class 1259 OID 24385)
-- Name: core_thesisskill_thesis_id_09957279; Type: INDEX; Schema: public; Owner: postgres
--

CREATE INDEX core_thesisskill_thesis_id_09957279 ON public.core_thesisskill USING btree (thesis_id);


--
-- TOC entry 4758 (class 1259 OID 24337)
-- Name: core_user_groups_group_id_fe8c697f; Type: INDEX; Schema: public; Owner: postgres
--

CREATE INDEX core_user_groups_group_id_fe8c697f ON public.core_user_groups USING btree (group_id);


--
-- TOC entry 4761 (class 1259 OID 24336)
-- Name: core_user_groups_user_id_70b4d9b8; Type: INDEX; Schema: public; Owner: postgres
--

CREATE INDEX core_user_groups_user_id_70b4d9b8 ON public.core_user_groups USING btree (user_id);


--
-- TOC entry 4764 (class 1259 OID 24351)
-- Name: core_user_user_permissions_permission_id_35ccf601; Type: INDEX; Schema: public; Owner: postgres
--

CREATE INDEX core_user_user_permissions_permission_id_35ccf601 ON public.core_user_user_permissions USING btree (permission_id);


--
-- TOC entry 4767 (class 1259 OID 24350)
-- Name: core_user_user_permissions_user_id_085123d3; Type: INDEX; Schema: public; Owner: postgres
--

CREATE INDEX core_user_user_permissions_user_id_085123d3 ON public.core_user_user_permissions USING btree (user_id);


--
-- TOC entry 4755 (class 1259 OID 24323)
-- Name: core_user_username_36e4f7f7_like; Type: INDEX; Schema: public; Owner: postgres
--

CREATE INDEX core_user_username_36e4f7f7_like ON public.core_user USING btree (username varchar_pattern_ops);


--
-- TOC entry 4803 (class 1259 OID 24447)
-- Name: django_admin_log_content_type_id_c4bce8eb; Type: INDEX; Schema: public; Owner: postgres
--

CREATE INDEX django_admin_log_content_type_id_c4bce8eb ON public.django_admin_log USING btree (content_type_id);


--
-- TOC entry 4806 (class 1259 OID 24448)
-- Name: django_admin_log_user_id_c564eba6; Type: INDEX; Schema: public; Owner: postgres
--

CREATE INDEX django_admin_log_user_id_c564eba6 ON public.django_admin_log USING btree (user_id);


--
-- TOC entry 4807 (class 1259 OID 24457)
-- Name: django_session_expire_date_a5c62663; Type: INDEX; Schema: public; Owner: postgres
--

CREATE INDEX django_session_expire_date_a5c62663 ON public.django_session USING btree (expire_date);


--
-- TOC entry 4810 (class 1259 OID 24456)
-- Name: django_session_session_key_c0390e0f_like; Type: INDEX; Schema: public; Owner: postgres
--

CREATE INDEX django_session_session_key_c0390e0f_like ON public.django_session USING btree (session_key varchar_pattern_ops);


--
-- TOC entry 4812 (class 2606 OID 24230)
-- Name: auth_group_permissions auth_group_permissio_permission_id_84c5c92e_fk_auth_perm; Type: FK CONSTRAINT; Schema: public; Owner: postgres
--

ALTER TABLE ONLY public.auth_group_permissions
    ADD CONSTRAINT auth_group_permissio_permission_id_84c5c92e_fk_auth_perm FOREIGN KEY (permission_id) REFERENCES public.auth_permission(id) DEFERRABLE INITIALLY DEFERRED;


--
-- TOC entry 4813 (class 2606 OID 24225)
-- Name: auth_group_permissions auth_group_permissions_group_id_b120cbf9_fk_auth_group_id; Type: FK CONSTRAINT; Schema: public; Owner: postgres
--

ALTER TABLE ONLY public.auth_group_permissions
    ADD CONSTRAINT auth_group_permissions_group_id_b120cbf9_fk_auth_group_id FOREIGN KEY (group_id) REFERENCES public.auth_group(id) DEFERRABLE INITIALLY DEFERRED;


--
-- TOC entry 4811 (class 2606 OID 24216)
-- Name: auth_permission auth_permission_content_type_id_2f476e4b_fk_django_co; Type: FK CONSTRAINT; Schema: public; Owner: postgres
--

ALTER TABLE ONLY public.auth_permission
    ADD CONSTRAINT auth_permission_content_type_id_2f476e4b_fk_django_co FOREIGN KEY (content_type_id) REFERENCES public.django_content_type(id) DEFERRABLE INITIALLY DEFERRED;


--
-- TOC entry 4827 (class 2606 OID 24416)
-- Name: core_application core_application_student_id_f2a1b9f3_fk_core_user_id; Type: FK CONSTRAINT; Schema: public; Owner: postgres
--

ALTER TABLE ONLY public.core_application
    ADD CONSTRAINT core_application_student_id_f2a1b9f3_fk_core_user_id FOREIGN KEY (student_id) REFERENCES public.core_user(id) DEFERRABLE INITIALLY DEFERRED;


--
-- TOC entry 4828 (class 2606 OID 24421)
-- Name: core_application core_application_thesis_id_584d78ad_fk_core_thesis_id; Type: FK CONSTRAINT; Schema: public; Owner: postgres
--

ALTER TABLE ONLY public.core_application
    ADD CONSTRAINT core_application_thesis_id_584d78ad_fk_core_thesis_id FOREIGN KEY (thesis_id) REFERENCES public.core_thesis(id) DEFERRABLE INITIALLY DEFERRED;


--
-- TOC entry 4823 (class 2606 OID 24388)
-- Name: core_studentinterest core_studentinterest_interest_id_4b47f5bc_fk_core_rese; Type: FK CONSTRAINT; Schema: public; Owner: postgres
--

ALTER TABLE ONLY public.core_studentinterest
    ADD CONSTRAINT core_studentinterest_interest_id_4b47f5bc_fk_core_rese FOREIGN KEY (interest_id) REFERENCES public.core_researchinterest(id) DEFERRABLE INITIALLY DEFERRED;


--
-- TOC entry 4824 (class 2606 OID 24393)
-- Name: core_studentinterest core_studentinterest_student_id_cf695894_fk_core_user_id; Type: FK CONSTRAINT; Schema: public; Owner: postgres
--

ALTER TABLE ONLY public.core_studentinterest
    ADD CONSTRAINT core_studentinterest_student_id_cf695894_fk_core_user_id FOREIGN KEY (student_id) REFERENCES public.core_user(id) DEFERRABLE INITIALLY DEFERRED;


--
-- TOC entry 4825 (class 2606 OID 24402)
-- Name: core_studentskill core_studentskill_skill_id_2653dd1e_fk_core_skill_id; Type: FK CONSTRAINT; Schema: public; Owner: postgres
--

ALTER TABLE ONLY public.core_studentskill
    ADD CONSTRAINT core_studentskill_skill_id_2653dd1e_fk_core_skill_id FOREIGN KEY (skill_id) REFERENCES public.core_skill(id) DEFERRABLE INITIALLY DEFERRED;


--
-- TOC entry 4826 (class 2606 OID 24407)
-- Name: core_studentskill core_studentskill_student_id_b63c18fc_fk_core_user_id; Type: FK CONSTRAINT; Schema: public; Owner: postgres
--

ALTER TABLE ONLY public.core_studentskill
    ADD CONSTRAINT core_studentskill_student_id_b63c18fc_fk_core_user_id FOREIGN KEY (student_id) REFERENCES public.core_user(id) DEFERRABLE INITIALLY DEFERRED;


--
-- TOC entry 4818 (class 2606 OID 24352)
-- Name: core_thesis core_thesis_supervisor_id_4ed7043d_fk_core_user_id; Type: FK CONSTRAINT; Schema: public; Owner: postgres
--

ALTER TABLE ONLY public.core_thesis
    ADD CONSTRAINT core_thesis_supervisor_id_4ed7043d_fk_core_user_id FOREIGN KEY (supervisor_id) REFERENCES public.core_user(id) DEFERRABLE INITIALLY DEFERRED;


--
-- TOC entry 4819 (class 2606 OID 24360)
-- Name: core_thesisinterest core_thesisinterest_interest_id_1c1317c0_fk_core_rese; Type: FK CONSTRAINT; Schema: public; Owner: postgres
--

ALTER TABLE ONLY public.core_thesisinterest
    ADD CONSTRAINT core_thesisinterest_interest_id_1c1317c0_fk_core_rese FOREIGN KEY (interest_id) REFERENCES public.core_researchinterest(id) DEFERRABLE INITIALLY DEFERRED;


--
-- TOC entry 4820 (class 2606 OID 24365)
-- Name: core_thesisinterest core_thesisinterest_thesis_id_7bb53c6a_fk_core_thesis_id; Type: FK CONSTRAINT; Schema: public; Owner: postgres
--

ALTER TABLE ONLY public.core_thesisinterest
    ADD CONSTRAINT core_thesisinterest_thesis_id_7bb53c6a_fk_core_thesis_id FOREIGN KEY (thesis_id) REFERENCES public.core_thesis(id) DEFERRABLE INITIALLY DEFERRED;


--
-- TOC entry 4821 (class 2606 OID 24374)
-- Name: core_thesisskill core_thesisskill_skill_id_ad69b433_fk_core_skill_id; Type: FK CONSTRAINT; Schema: public; Owner: postgres
--

ALTER TABLE ONLY public.core_thesisskill
    ADD CONSTRAINT core_thesisskill_skill_id_ad69b433_fk_core_skill_id FOREIGN KEY (skill_id) REFERENCES public.core_skill(id) DEFERRABLE INITIALLY DEFERRED;


--
-- TOC entry 4822 (class 2606 OID 24379)
-- Name: core_thesisskill core_thesisskill_thesis_id_09957279_fk_core_thesis_id; Type: FK CONSTRAINT; Schema: public; Owner: postgres
--

ALTER TABLE ONLY public.core_thesisskill
    ADD CONSTRAINT core_thesisskill_thesis_id_09957279_fk_core_thesis_id FOREIGN KEY (thesis_id) REFERENCES public.core_thesis(id) DEFERRABLE INITIALLY DEFERRED;


--
-- TOC entry 4814 (class 2606 OID 24331)
-- Name: core_user_groups core_user_groups_group_id_fe8c697f_fk_auth_group_id; Type: FK CONSTRAINT; Schema: public; Owner: postgres
--

ALTER TABLE ONLY public.core_user_groups
    ADD CONSTRAINT core_user_groups_group_id_fe8c697f_fk_auth_group_id FOREIGN KEY (group_id) REFERENCES public.auth_group(id) DEFERRABLE INITIALLY DEFERRED;


--
-- TOC entry 4815 (class 2606 OID 24326)
-- Name: core_user_groups core_user_groups_user_id_70b4d9b8_fk_core_user_id; Type: FK CONSTRAINT; Schema: public; Owner: postgres
--

ALTER TABLE ONLY public.core_user_groups
    ADD CONSTRAINT core_user_groups_user_id_70b4d9b8_fk_core_user_id FOREIGN KEY (user_id) REFERENCES public.core_user(id) DEFERRABLE INITIALLY DEFERRED;


--
-- TOC entry 4816 (class 2606 OID 24345)
-- Name: core_user_user_permissions core_user_user_permi_permission_id_35ccf601_fk_auth_perm; Type: FK CONSTRAINT; Schema: public; Owner: postgres
--

ALTER TABLE ONLY public.core_user_user_permissions
    ADD CONSTRAINT core_user_user_permi_permission_id_35ccf601_fk_auth_perm FOREIGN KEY (permission_id) REFERENCES public.auth_permission(id) DEFERRABLE INITIALLY DEFERRED;


--
-- TOC entry 4817 (class 2606 OID 24340)
-- Name: core_user_user_permissions core_user_user_permissions_user_id_085123d3_fk_core_user_id; Type: FK CONSTRAINT; Schema: public; Owner: postgres
--

ALTER TABLE ONLY public.core_user_user_permissions
    ADD CONSTRAINT core_user_user_permissions_user_id_085123d3_fk_core_user_id FOREIGN KEY (user_id) REFERENCES public.core_user(id) DEFERRABLE INITIALLY DEFERRED;


--
-- TOC entry 4829 (class 2606 OID 24437)
-- Name: django_admin_log django_admin_log_content_type_id_c4bce8eb_fk_django_co; Type: FK CONSTRAINT; Schema: public; Owner: postgres
--

ALTER TABLE ONLY public.django_admin_log
    ADD CONSTRAINT django_admin_log_content_type_id_c4bce8eb_fk_django_co FOREIGN KEY (content_type_id) REFERENCES public.django_content_type(id) DEFERRABLE INITIALLY DEFERRED;


--
-- TOC entry 4830 (class 2606 OID 24442)
-- Name: django_admin_log django_admin_log_user_id_c564eba6_fk_core_user_id; Type: FK CONSTRAINT; Schema: public; Owner: postgres
--

ALTER TABLE ONLY public.django_admin_log
    ADD CONSTRAINT django_admin_log_user_id_c564eba6_fk_core_user_id FOREIGN KEY (user_id) REFERENCES public.core_user(id) DEFERRABLE INITIALLY DEFERRED;


-- Completed on 2025-08-22 04:30:35

--
-- PostgreSQL database dump complete
--

